order,code,result
1,Bitcoin,with
2,Ethereum,with
3,Ripple,with
4,BitcoinCash,with
5,0x86fa049857e0209aa7d9e616f7eb3b3b78ecfdb0,with
6,Litecoin,with
7,Stellar,with
8,Cardano,with
9,IOTA,with
10,0xf230b790e05390fc8295f4d3f60332c93bed42e2,with
11,Tether,with
12,Monero,with
13,0xc56f33fc6ecfcd0c225c4ab356fee59390af8560be0e930faebe74a6daff7c9b.neo,with
14,Dash,with
15,0xb8c77482e45f1f44de1745f52c74426c631bdd52,without
16,EthereumClassic,with
17,0xd850942ef8811f2a866692a623011bde52a462c1,with
18,NEM,with
19,OKB,without
20,Ontology,with
21,0xd26114cd6ee289accf82350c8d8487fedb8a0c07,with
22,Qtum,with
23,Zcash,with
24,0xb5a5f22694352c15b00323844ad545abb2b11028,with
25,Lisk,with
26,Decred,with
27,0xa15c7ebe1f07caf6bff097d8a589fb8ac49ae5b3,without
28,0x05f4a42e251f2d52b8ed15e9fedaacfcef1fad27,with
29,Bytecoin,with
30,Aeternity,without
31,0x5ca9a71b1d01849c0a95490cc00559717fcf0d1d,with
32,BitcoinGold,with
33,DNotes,with
34,0xcb97e65f07da24d46bcdd078ebebd7c6e6e3d750,with
35,Siacoin,with
36,0xe41d2489571d322189246dafa5ebde1f4699f498,with
37,BitShares,with
38,Verge,with
39,Steem,with
40,0xe94327d07fc17907b4db788e5adf2ed424addff6,with
41,0xa974c709cfb4566686553a20790685a47aceaa33,with
42,0x9f8f72aa9304c8b593d555f12ef6589cc3a579a2,with
43,Nano,with
44,BitcoinDiamond,with
45,Dogecoin,with
46,0x168296bb09e24a88805cb9c33356536b980d3fc5,with
47,Waves,with
48,0xa74476443119a942de498590fe1f2454d7d4ac0d,without
49,0x358d12436080a01a16f711014610f8a4c2c2d233,with
50,BitcoinPrivate,with
51,Wanchain,with
52,0x0d8775f648430679a709e98d2b0cb6250d2887ef,with
53,0xd4fa1460f537bb9085d22c7bccb5dd450ef28e3a,with
54,Stratis,with
55,DigiByte,with
56,0x039b5649a59967e3e936d7471f9c3700100ee1ab,with
57,0x5d65d971895edc438f465c17db6992698a52318d,with
58,Hshare,with
59,0xb7cb1c96db6b22b0d3d9536e0108d062bd488f74,with
60,0xfa1a856cfa3409cfa145fa4e20eb270df3eb21ab,without
61,0x6f259637dcd74c767781e37bc6133cd6a68aa161,without
62,0x744d70fdbe2ba4cf95131626614a1763df805b9e,with
63,0xe0b7927c4af23765cb51314a0e0521a9645f0e2a,with
64,0xef68e7c694f40c8202821edf525de3782458639f,with
65,0x4ceda7906a5ed2179785cd3a40a69ee8bc99c466,with
66,Cryptonex,with
67,Komodo,with
68,0x1f573d6fb3f13d689ff844b4ce37794d79a7ff1c,with
69,Bancor,without
70,Ardor,with
71,MaidSafeCoin,with
72,Ark,with
73,0xcbce61316759d807c474441952ce41985bbc5a40,without
74,ReddCoin,with
75,0xbf2179859fc6d5bee9bf9158632dc51678a4100e,with
76,MonaCoin,with
77,0x1122b6a0e00dce0563082b6e2953f3a943855c1f,without
78,0x08d32b0da63e2c3bcf8019c9c5d849d7a9d791e6,with
79,0x4672bad527107471cb5067a887f4656d585a8a31,with
80,0x419d0d8bdd9af5e606ae2232ed285aff190e711b,with
81,0xdd974d5c2e2928dea5f71b9825b8b646686bd200,with
82,0xea11755ae41d889ceec39a63e6ff75a02bc1c00d,without
83,0x3893b9422cd5d70a81edeffe3d5a1c6a978310bb,without
84,0xf0ee6b27b759c9893ce4f094b49ad28fd15a23e4,without
85,0xb3104b4b9da82025e8b9f8fb28b3553ce2f67069,with
86,0x3883f5e181fccaf8410fa61e12b59bad963fb645,with
87,Elastos,with
88,0x602c79718b16e442de58778e148d0b1084e3b2dffd5de6b7b16cee7969282de7.neo,with
89,PIVX,without
90,0xf85feea2fdd81d51177f6b8f35f0e6734ce45f5f,with
91,0x818fc6c2ec5986bc6e2cbf00939d90556ab12ce5,with
92,0x8f3470a7388c05ee4e7af3d01d8c722b0ff52374,without
93,0x0f5d2fb29fb7d3cfee444a200298f468908cc942,with
94,Emercoin,with
95,Nxt,with
96,0x4f878c0852722b0976a955d68b376e4cd4ae99e5,without
97,Syscoin,with
98,0xa4e8c3ec456107ea67d3075bf9e3df3a75823db0,without
99,0x5af2be193a6abca9c8817001f45744777db30756,without
100,0xd0352a019e9ab9d757776f532377aaebd36fd541,with
101,0x9992ec3cf6a55b00978cddf2b27bc6882d88d1ec,without
102,0x618e75ac90b12c6049ba3b27f5d5f8651b0037f6,without
103,0x905e337c6c8645263d3521205aa37bf4d034e745,without
104,0x9f5f3cfd7a32700c93f971637407ff17b91c7342,with
105,Factom,with
106,0xb91318f35bdb262e9423bc7c7c2a3a93dd93c92c,with
107,ZCoin,with
108,0x12480e24eb5bec1a9d4369cab6a80cad3c0a377a,with
109,0xb63b606ac810a52cca15e44bb630fd42d8d1d83d,with
110,0x419c4db4b9e25d6db2ad9691ccb832c8d9fda05e,with
111,0xb70835d7822ebb9426b56543e391846c107bd32c,without
112,0x01ff50f8b7f74e4f00580d9596cd3d0d6d6e326f,with
113,0x62a56a4a2ef4d355d34d10fbf837e747504d38d4,without
114,SmartCash,with
115,0x595832f8fc6bf59c85c527fec3740a1b7a361269,with
116,0x39bb259f66e1c59d5abef88375979b4d20d98022,with
117,0x8dd5fbce2f6a956c3022ba3663759011dd51e73e,without
118,ByteballBytes,without
119,0xd0a4b8946cb52f0661273bfbc6fd0e0c75fc6433,with
120,Electroneum,with
121,Nexus,with
122,Blocknet,with
123,ZenCash,with
124,0x7e9e431a0b8c4d532c745b1043c7fa29a48d4fba,without
125,0xc5bbae50781be1669306b9e001eff57a2957b09d,with
126,0x983f6d60db79ea8ca4eb9968c6aff8cfa04b3c63,with
127,0x41e5560054824ea6b0732e656e3ad64e20e94e45,with
128,0xb64ef51c888972c908cfacf59b47c1afbc0ab8ac,with
129,0xe25bcec5d3801ce3a794079bf94adf1b8ccd802d,with
130,0x514910771af9ca656af840dff83e8264ecf986ca,with
131,BitcoinDark,with
132,0x48f775efbe4f5ece6e0df2f7b5932df56823b990,with
133,0xb62132e35a6c13ee1ee0f84dc5d40bad8d815206,without
134,0x4156d3342d5c385a87d264f90653733592000581,with
135,0x607f4c5bb672230e8672085532f7e901544a7375,without
136,0x888666ca69e0f178ded6d75b5726cee99a87d698,with
137,0x138a8752093f4f9a79aaedf48d4b9248fab93c9c,with
138,0x8eb24319393716668d768dcec29356ae9cffe285,with
139,0x20e94867794dba030ee287f1406e100d03c84cd3,without
140,0x6c6ee5e31d828de241282b9606c8e98ea48526e2,with
141,0x0cf0ee63788a0849fe5297f3407f701e122cc023,with
142,Achain,with
143,0xb97048628db6b661d4c2aa833e95dbe1a905b280,with
144,0x38c6a68304cdefb9bec48bbfaaba5c5b47818bb2,with
145,Skycoin,with
146,0x8f8221afbb33998d8584a2b05749ba73c37a938a,with
147,0x2d0e95bd4795d7ace0da3c0ff7b706a5970eb9d3,with
148,0x809826cceab68c387726af962713b64cb5cb3cca,with
149,0x66186008c1050627f979d464eabb258860563dbe,with
150,0xf278c1ca969095ffddded020290cf8b5c424ace2,with
151,0x960b236a07cf122663c4303350609a66a7b288c0,with
152,0xbe428c3867f05dea2a89fc76a102b544eac7f772,without
153,0x6810e776880c02933d47db1b9fc05908e5386b96,with
154,Asch,with
155,0xf7920b0768ecb20a123fac32311d07d193381d6f,with
156,0x36905fc93280f52362a1cbab151f25dc46742fb5,with
157,0x5c3a228510d246b78a3765c20221cbf3082b44a4,with
158,0x55f93985431fc9304077687a35a1ba103dc1e081,with
159,0x21f15966e07a10554c364b988e91dab01d32794a,without
160,0x7c5a0ce9267ed19b22f8cae653f198e3e8daf098,with
161,0xd4c435f5b09f855c3317c8524cb1f586e42795fa,with
162,0xbf52f2ab39e26e0951d2a02b49b7702abe30406a,without
163,0xb98d4c97425d9908e66e53a6fdf673acca0be986,with
164,0xa4d17ab1ee0efdd23edc2869e7ba96b89eecf9ab,with
165,0x3597bfd533a99c9aa083587b074434e61eb0a258,without
166,0x2c4e8f2d746113d0696ce89b35f0d8bf88e0aeca,without
167,0xbab165df9455aa0f2aed1f2565520b91ddadb4c8,with
168,0xd234bf2410a0009df9c3c63b610c09738f18ccd7,with
169,0xf629cbd94d3791c9250152bd8dfbdf380e2a3b9c,with
170,Bitcoin Interest,without
171,GameCredits,with
172,0x89d24a6b4ccb1b6faa2625fe562bdd9a23260359,without
173,Particl,with
174,Groestlcoin,with
175,CEOcoin,without
176,0x5732046a883704404f284ce41ffadd5b007fd668,with
177,TokenPay,with
178,Vertcoin,with
179,DigitalNote,with
180,0x80a7e048f37a50500351c204cb407766fa3bae7f,with
181,0x99ea4db9ee77acd40b119bd1dc4e33e1c070b80d,with
182,0x6ec8a24cabdc339a06a172f8223ea557055adaa5,with
183,Ignis,with
184,0x26e75307fc0c021472feb8f727839531f112f317,with
185,0x46b9ad944d1059450da1163511069c718f699d31,without
186,0xea26c4ac16d4a5a106820bc8aee85fd0b7b2b664,without
187,THEKEY,with
188,BOScoin,with
189,Electra,with
190,0x255aa6df07540cb5d3d297f0d0d4d84cb52bc8e6,without
191,0x4092678e4e78230f46a1534c0fbc8fa39780892b,with
192,0x4dc3643dbc642b72c158e7f3d2ff232df61cb6ce,with
193,0xe3818504c1b32bf1557b16c238b2e01fd3149c17,with
194,0x80bc5512561c7f85a3a9508c7df7901b370fa1df,without
195,StakeNet,without
196,Ubiq,with
197,0x6758b7d441a9739b98552b373703d8d3d14f9e62,with
198,0x558ec3152e2eb2174905cd19aea4e34a23de9ad6,with
199,0x68d57c9a1c35f63e2c83ee8e49a64e9d70528d25,without
200,Peercoin,with
201,ZClassic,with
202,0x408e41876cccdc0f92210600ef50372656052a38,with
203,0xffe02ee4c69edf1b340fcad64fbd6b37a7b9e265,without
204,0xf433089366899d83a9f26a773d59ec7ecf30355e,with
205,0x622dffcc4e83c64ba959530a5a5580687a57581b,with
206,0xeda8b016efa8b1161208cf041cd86972eee0f31e,with
207,0x340d2bde5eb28c1eed91b2f790723e3b160613b7,with
208,0x5e6b6d9abad9093fdc861ea1600eba1b355cd940,with
209,0x103c3a209da59d3e7c4a89307e66521e081cfdf0,with
210,0x0e0989b1f9b8a38983c2ba8053269ca62ec9b195,with
211,0x0b76544f6c413a555f309bf76260d1e02377c02a,with
212,0x3833dda0aeb6947b98ce454d89366cba8cc55528,with
213,0x57ad67acf9bf015e4820fbd66ea1a21bed8852ec,with
214,0x6fb3e0a217407efff7ca062d46c26e5d60a14d69,without
215,Safe Exchange Coin,without
216,0x69b148395ce0015c13e36bffbad63f49ef874e03,with
217,0xc528c28fec0a90c083328bc45f587ee215760a0f,with
218,Primecoin,with
219,0x85e076361cc813a908ff672f9bad1541474402b2,with
220,0xa5fd1a791c4dfcaacc963d4f73c6ae5824149ea7,with
221,Burst,with
222,0x08711d3b02c8758f2fb3ab4e80228418a7f8e39c,with
223,0x42d6622dece394b54999fbd73d108123806f6a18,with
224,0xdd16ec0f66e54d453e6756713e533355989040e4,with
225,Bitcore,with
226,0xaa7a9ca87d3694b5755f213b5d04094b8d0f0a6f,with
227,0x0b4bdc478791897274652dc15ef5c135cae61e60,without
228,Linda,with
229,0x6c2adc2073994fb2ccc5032cc2906fa221e9b391,without
230,NavCoin,with
231,Gulden,with
232,ERA,without
233,Ink,with
234,LitecoinCash,with
235,bitCNY,without
236,0xced4e93198734ddaff8492d525bd258d49eb388e,with
237,Einsteinium,with
238,0x4470bb87d77b963a013db939be332f927f2b992e,with
239,Wagerr,with
240,0x697beac28b09e122c4332d163985e8a73121b97f,with
241,0x9e88613418cf03dca54d6a2cf6ad934a78c7a17a,with
242,0x80fb784b7ed66730e8b1dbd9820afd29931aab03,with
243,0xc011a72400e58ecd99ee497cf89e3775d4bd732f,without
244,0x7e09854cdf963719177dfc109f1558a3d9db11ea,without
245,RedPulse,with
246,BitBay,with
247,TiValue,without
248,0x106aa49295b525fcf959aa75ec3f7dcbf5352f1c,without
249,0xf244176246168f24e3187f7288edbca29267739b,with
250,Unobtanium,with
251,PRIZM,with
252,0xff3519eeeea3e76f1f699ccce5e23ee0bdda41ac,without
253,0x9a0242b7a33dacbe40edb927834f96eb39f8fbcb,with
254,0xaaaf91d9b90df800df4f55c205fd6989c977e73a,with
255,0x88d50b466be55222019d71f9e8fae17f5f45fca1,without
256,Ravencoin,without
257,0x2008e3057bd734e10ad13c9eae45ff132abc1722,without
258,0x9e3319636e2126e3c0bc9e3134aec5e1508a46c7,without
259,0x5e568d8a9b91675285561b15f078a18935bd01cf,with
260,BridgeCoin,with
261,0x4c0fbe1bb46612915e7967d2c3213cd4d87257ad,without
262,0x123ab195dd38b1b40510d467a6a359b201af056f,with
263,0x0bb217e40f8a5cb79adf04e1aab60e5abd0dfc1e,with
264,SaluS,with
265,Ubique Chain of Things,without
266,0xf970b8e36e23f7fc3fd752eea86f8be8d83375a6,with
267,0x4824a7b64e3966b0133f4f4ffb1b9d6beb75fff7,with
268,0x00c4b398500645eb5da00a1a379a88b11683ba01,without
269,Viacoin,with
270,CloakCoin,with
271,0xabbbb6447b68ffd6141da77c18c7b5876ed6c5ab,with
272,0xaec2e87e0a235266d9c5adc9deb4b2e29b54d009,with
273,FairCoin,with
274,0x88a3e4f35d64aad41a6d4030ac9afe4356cb84fa,with
275,MetaverseETP,with
276,Feathercoin,with
277,0x8b353021189375591723e7384262f45709a3c3dc,with
278,LinkEye,without
279,0xab6ac51e1e598f88c923a8fd4263539d6945b23d,with
280,Counterparty,with
281,0x70a72833d6bf7f508c8224ce59ea1ef3d0ea3a38,with
282,0x27695e09149adc738a978e9a678f99e4c39e9eb9,without
283,0x5b2e4a700dfbc560061e957edec8f6eeeb74a320,with
284,0x27054b13b1b798b345b591a4d22e6562d47ea75a,with
285,WhiteCoin,with
286,0x1829aa045e21e0d59580024a951db48096e01782,without
287,Namecoin,with
288,0xfae4ee59cdd86e3be9e8b90b53aa866327d7c090,with
289,PACcoin,with
290,0x0abdace70d3790235af448c88547603b945604ea,with
291,MediBloc,with
292,0xd780ae2bf04cd96e577d3d014762f831d97129d0,with
293,0x1fe70be734e473e5721ea57c8b5b01e6caa52686,with
294,Aeon,with
295,0x12b306fa98f4cbb8d4457fdff3a0a0a56f07ccdf,with
296,0x667088b212ce3d06a1b553a7221e1fd19000d9af,with
297,0x40395044ac3c0c57051906da938b54bd6557f212,with
298,ION,with
299,0xc42209accc14029c1012fb5680d95fbd6036e2a0,with
300,0x9af839687f6c94542ac5ece2e317daae355493a1,without
301,0x461733c17b0755ca5649b6db08b3e213fcf22546,without
302,0x08f5a9235b08173b7569f83645d2c7fb55e8ccd8,with
303,Lykke,with
304,0x554c20b7c486beee439277b4540a434566dc4c02,with
305,DECENT,with
306,0xff603f43946a3a28df5e6a73172555d8c8b02386,without
307,0x4e0603e2a27a30480e5e3a4fe548e29ef12f64be,with
308,0x72dd4b6bd852a3aa172be4d6c5a6dbec588cf131,with
309,CasinoCoin,with
310,0xa8258abc8f2811dd48eccd209db68f25e3e34667,without
311,MinexCoin,with
312,0x4cf488387f035ff08c371515562cba712f9015d4,with
313,0x47bc01597798dcd7506dcca36ac4302fc93a8cfb,with
314,LBRYCredits,with
315,SteemDollars,with
316,HTMLCOIN,with
317,0x957c30ab0426e0c93cd8241e2c60392d08c6ac8e,with
318,0x68aa3f232da9bdc2343465545794ef3eea5209bd,with
319,ECC,with
320,Phore,with
321,0xcbeaec699431857fdb4d37addbbdc20e132d4903,with
322,0xbeb9ef514a379b997e0798fdcc901ee474b6d9a1,with
323,Enumivo,without
324,0x8db54ca569d3019a2ba126d03c37c44b5ef81ef6,with
325,0x2fe6ab85ebbf7776fee46d191ee4cea322cecf51,with
326,0xfec0cf7fe078a500abf15f1284958f22049c2c7e,with
327,0x1a7a8bd9106f2b8d977e08582dc7d24c723ab0db,with
328,0x81c9151de0c8bafcd325a57e3db5a5df1cebf79c,with
329,0x922105fad8153f516bcfb829f56dc097a0e1d705,with
330,0xea38eaa3c86c8f9b751533ba2e562deb9acded40,with
331,OracleChain,without
332,MergeCoin,without
333,0xfa05a73ffe78ef8f1a739473e462c54bae6567d9,with
334,0xe7775a6e9bcf904eb39da2b68c5efb4f9360e08c,with
335,0xe8780b48bdb05f928697a5e8155f672ed91462f7,with
336,Mobius,with
337,0x41ab1b6fcbb2fa9dced81acbdec13ea6315f2bf2,without
338,0x286bda1413a2df81731d4930ce2f862a35a609fe,with
339,0x3543638ed4a9006e4840b105944271bcea15605d,without
340,0xa44e5137293e855b1b7bc7e2c6f8cd796ffcb037,without
341,ExperiencePoints,with
342,0xb24754be79281553dc1adc160ddf5cd9b74361a4,with
343,0xff18dbc487b4c2e3222d115952babfda8ba52f5f,without
344,QLINK,with
345,0x1844b21593262668b7248d0f57a220caaba46ab9,with
346,0x65292eeadf1426cd2df1c4793a3d7519f253913b,with
347,0xe8ff5c9c75deb346acac493c463c8950be03dfba,with
348,0x393e8a86079449ed72d010b5790510840bb380d1,with
349,0x9b68bfae21df5a510931a262cecf63f41338f264,without
350,0xcdcfc0f66c522fd086a1b725ea3c0eeb9f9e8814,with
351,0x45245bc59219eeaaf6cd3f382e078a461ff9de7b,with
352,0x4cc19356f2d37338b9802aa8e8fc58b0373296e7,with
353,0xd7732e3783b0047aa251928960063f863ad022d8,without
354,Qbao,with
355,0x264dc2dedcdcbb897561a57cba5085ca416fb7b4,with
356,PeepCoin,with
357,0xe5dada80aa6477e85d09747f2842f7993d0df71c,without
358,0xaf30d2a7e90d7dc361c8c4585e9bb7d2f6f15bc7,with
359,ColossusCoinXT,with
360,MedicCoin,with
361,0x12b19d3e2ccc14da04fae33e63652ce469b3f2fd,with
362,Alphacat,without
363,Bitcoin Green,without
364,Mercury,with
365,Pura,with
366,0xa017ac5fac5941f95010b12570b812c974469c2c,without
367,bitUSD,without
368,0xe2fb6529ef566a080e6d23de0bd351311087d567,with
369,Peerplays,with
370,0x3137619705b5fc22a3048989f983905e456b59ab,with
371,0x69beab403438253f13b6e92db91f7fb849258263,without
372,PotCoin,with
373,0x4270bb238f6dd8b1c3ca01f96ca65b2647c06d3c,with
374,0xf77f4810e7521298a6e2a04f82a6c3492706d74f,without
375,Shift,with
376,0x2c974b2d0ba1716e644c1fc59982a89ddd2ff724,with
377,0xcbcc0f036ed4788f63fc0fee32873d6a7487b908,with
378,0x5eb87caa0105a63aa87a36c7bd2573bd13e84fae,without
379,0xfca47962d45adfdfd1ab2d972315db4ce7ccf094,with
380,Pepe Cash,without
381,0xb2f7eb1f2c37645be61d73953035360e768d81e6,with
382,Elastic,with
383,0xe6dbff9e99e579ea27a17d887a70aab0fe9b20ef,without
384,HempCoin,without
385,0x41dbecc1cdc5517c6f76f6a6e836adbee2754de3,with
386,XTRABYTES,with
387,Karma,with
388,0xd49ff13661451313ca1553fd6954bd1d9b6e02b9,without
389,Bismuth,with
390,SpaceChain,without
391,0x12fef5e57bf45873cd9b62e9dbd7bfb99e32d73e,with
392,Oxycoin,with
393,0x671abbe5ce652491985342e85428eb1b07bc6c64,with
394,0x107c4504cd79c5d2696ea0030a8dd4e92601b82e,with
395,0x9041fe5b3fdea0f5e4afdc17e75180738d877a01,without
396,NoLimitCoin,with
397,0x7a41e0517a5eca4fdbc7fbeba4d4c47b9ff6dc63,with
398,0xc27a2f05fa577a83ba0fdb4c38443c0718356501,with
399,ALQO,with
400,0x1c4481750daa5ff521a2a7490d9981ed46465dbd,with
401,DIMCOIN,with
402,DeepOnion,with
403,0xd0929d411954c47438dc1d871dd6081f5c5e149c,with
404,Tao,with
405,LEOcoin,with
406,Boolberry,with
407,0xe3fedaecd47aa8eab6b23227b0ee56f092c967a9,with
408,RevolutionVR,without
409,0x6531f133e6deebe7f2dce5a0441aa7ef330b4e53,with
410,0xc324a2f6b05880503444451b8b27e6f9e63287cb,with
411,SHIELD,with
412,Synereo,with
413,0xf4134146af2d511dd5ea8cdb1c4ac88c57d60404,with
414,PascalCoin,with
415,BeanCash,without
416,0x263c618480dbe35c300d8d5ecda19bbb986acaed,with
417,0xc7bba5b765581efb2cdd2679db5bea9ee79b201f,without
418,0x79650799e7899a802cb96c0bc33a6a8d4ce4936c,without
419,0x24692791bc444c5cd0b81e3cbcaba4b04acd1f3b,without
420,0xf3db5fa2c66b7af3eb0c0b782510816cbe4813b8,with
421,0xb5dbc6d3cf380079df3b27135664b6bcf45d1869,without
422,Dimecoin,with
423,MUSE,without
424,Mooncoin,with
425,0x5a1a29dbb6ad6153db764568c1289076bc876df6,without
426,BlackCoin,with
427,LUXCoin,with
428,Energo,without
429,Bodhi,with
430,Triggers,without
431,0x226bb599a12c826476e3a771454697ea52e9e220,with
432,0x4af328c52921706dcb739f25786210499169afe6,without
433,0xf485c5e679238f9304d986bb2fc28fe3379200e5,with
434,Crown,with
435,0xae73b38d1c9a8b274127ec30160a4927c4d71824,with
436,0x516e5436bafdc11083654de7bb9b95382d08d5de,with
437,0xe5f166c0d8872b68790061317bb6cca04582c912,with
438,Diamond,with
439,0xfb2f26f266fb2805a387230f2aa0a331b4d96fba,with
440,0x2ccbff3a042c68716ed2a2cb0c544a9f1d1935e1,with
441,0xb056c38f6b7dc4064367403e26424cd2c60655e1,without
442,GridCoin,with
443,0x2f85e502a988af76f7ee6d83b7db8d6c0a823bf9,with
444,0xa823e6722006afe99e91c30ff5295052fe6b8e32,with
445,0x1776e1f26f98b1a5df9cd347953a26dd3cb46671,with
446,MonetaryUnit,with
447,Flash,with
448,0xe50365f5d679cb98a1dd62d6f6e58e59321bcddf,with
449,0xf7b098298f7c69fc14610bf71d5e02c60792894c,without
450,0x2859021ee7f2cb10162e67f33af2d22764b31aff,without
451,0x327682779bab2bf4d1337e8974ab9de8275a7ca8,with
452,DubaiCoin,with
453,Omni,with
454,0x03806ce5ef69bd9780edfb04c29da1f23db96294,with
455,E-DinarCoin,without
456,0x624d520bab2e4ad83935fa503fb130614374e850,without
457,InterplanetaryBroadcastCoin,without
458,0xffe8196bc259e8dedc544d935786aa4709ec3e64,with
459,0xf3db7560e820834658b590c96234c333cd3d5e5e,with
460,0xda6cb58a0d0c01610a29c5a65c303e13e885887c,with
461,0xd01db73e047855efb414e6202098c4be4cd2423b,with
462,0x763186eb8d4856d536ed4478302971214febc6a9,with
463,RussianMinerCoin,with
464,0xaf4dce16da2877f8c9e00544c93b62ac40631f16,with
465,FlorinCoin,with
466,0x83984d6142934bb535793a82adb0a46ef0f66b6d,with
467,0x006bea43baa3f7a6f765f14f10a1a1b08334ef45,with
468,0xd0d6d6c5fe4a677d343cc433536bb717bae167dd,with
469,SolarCoin,with
470,0x13f11c9905a08ca76e3e853be63d4f0944326c72,with
471,0xebbdf302c940c6bfd49c6b165f457fdb324649bc,without
472,0x51db5ad35c671a87207d88fc11d593ac0c8415bd,without
473,0xea1f346faf023f974eb5adaf088bbcdf02d761f4,with
474,StrongHands,with
475,Radium,with
476,Greencoin,with
477,BitcoinAtom,with
478,0xf0f8b0b8dbb1124261fc8d778e2287e3fd2cf4f5,with
479,0x5e3346444010135322268a4630d2ed5f8d09446c,with
480,SureRemit,with
481,DeviantCoin,without
482,0x701c244b988a513c945973defa05de933b23fe1d,with
483,0x04f2e7221fdb1b52a68169b25793e51478ff0329,with
484,0x2e071d2966aa7d8decb1005885ba1977d6038a65,with
485,0xba9d4199fab4f26efe3551d490e3821486f135ba,with
486,I,without
487,I/OCoin,without
488,0xba5f11b16b155792cf3b2e6880e8706859a8aeb6,with
489,0x9e6b2b11542f2bc52f3029077ace37e8fd838d7f,with
490,0xfedae5642668f8636a11987ff386bfd215f942ee,without
491,0x35a69642857083ba2f30bfab735dacc7f0bac969,without
492,0xaa0bb10cec1fa372eb3abc17c933fc6ba863dd9e,with
493,0x584b44853680ee34a0f337b712a8f66d816df151,with
494,Rubycoin,with
495,0x9b11efcaaa1890f6ee52c6bb7cf8153ac5d74139,with
496,Smartlands,with
497,0x23352036e911a22cfc692b5e2e196692658aded9,without
498,0xf3b3cad094b89392fce5fafd40bc03b80f2bc624,without
499,0xe469c4473af82217b30cf17b10bcdb6c8c796e75,with
500,Clams,with
501,0xa13f0743951b4f6e3e3aa039f682e17279f52bc3,with
502,0xdd6c68bb32462e01705011a4e2ad1a60740f217f,with
503,0x07e3c70653548b04f0a75970c1f81b4cbbfb606f,with
504,Sprouts,with
505,0x17f8afb63dfcdcc90ebe6e84f060cc306a98257d,without
506,0x3ff8c78e266395d08f41ef1631391f0050d48081,with
507,Databits,without
508,TheChampCoin,without
509,0xa6a840e50bcaa50da017b91a0d86b8b2d41156ee,with
510,0x5f53f7a8075614b699baad0bc2c899f4bad8fbbf,without
511,0x0e8d6b471e332f140e7d9dbb99e5e3822f728da6,without
512,0x7654915a1b82d6d2d0afc37c52af556ea8983c7e,without
513,0x814e0908b12a99fecf5bc101bb5d0b8b5cdf7d26,without
514,0xf453b5b9d4e0b5c62ffb256bb2378cc2bc8e8a89,without
515,NewYorkCoin,with
516,GlobalCurrencyReserve,with
517,CVCoin,without
518,Expanse,with
519,NVO,without
520,0x6ba460ab75cd2c56343b3517ffeba60748654d26,with
521,0x491c9a23db85623eed455a8efdd6aba9b911c5df,without
522,Hexx,with
523,Myriad,with
524,0x76960dccd5a1fe799f7c29be9f19ceb4627aeb2f,without
525,EarthCoin,with
526,0x3839d8ba312751aa0248fed6a8bacb84308e20ed,with
527,0xe25b0bba01dc5630312b6a21927e578061a13f55,with
528,Rise,with
529,0x543ff227f64aa17ea132bf9886cab5db55dcaddf,without
530,0x2567c677473d110d75a8360c35309e63b1d52429,without
531,0x3618516f45cd3c913f81f9987af41077932bc40d,with
532,0x9af4f26941677c706cfecf6d3379ff01bb85d5ab,with
533,0x9af2c6b1a28d3d6bc084bd267f70e90d49741d5b,with
534,0x5136c98a80811c3f46bdda8b5c4555cfd9f812f0,with
535,SIBCoin,with
536,0x50228d83eeb60f31f6e58a0bd608228e9a17fe03,without
537,0x014b50466590340d41307cc54dcee990c8d58aa8,with
538,NeosCoin,with
539,HollyWoodCoin,without
540,0x2604fa406be957e542beb89e6754fcde6815e83f,with
541,0x3d1ba9be9f66b8ee101911bc36d3fb562eac2244,with
542,LoMoCoin,with
543,GoByte,with
544,Dynamic,with
545,0x92e52a1a235d9a103d970901066ce910aacefd37,with
546,InfChain,without
547,0x8400d94a5cb0fa0d041a3788e395285d61c9ee5e,without
548,Ecobit,with
549,0x6beb418fc6e1958204ac8baddcf109b8e9694966,with
550,0x64cdf819d3e75ac8ec217b3496d7ce167be42e80,with
551,0x8a854288a5976036a725879164ca3e91d30c6a1b,without
552,BitSend,with
553,Pirl,with
554,KiloCoin,with
555,0xedd7c94fd7b4971b916d15067bc454b9e1bad980,without
556,0x27dce1ec4d3f72c3e457cc50354f1f975ddef488,with
557,Bela,with
558,VeriCoin,with
559,AurumCoin,without
560,Novacoin,with
561,Polis,with
562,Bulwark,with
563,Musicoin,with
564,0x1234567461d3f8db7496581774bd869c83d51c93,with
565,ZrCoin,with
566,0x45e42d659d9f9466cd5df622506033145a9b89bc,without
567,Stealth,with
568,0x1961b3331969ed52770751fc718ef530838b6dee,with
569,Profile Utility Token,without
570,0x6745fab6801e376cd24f03572b9c9b0d4edddccf,with
571,0x151202c9c18e495656f372281f493eb7698961d5,without
572,0xd354cf84a4cfd096120e2d4bf0a0cc8866d4efe1,with
573,0x28b5e12cce51f15594b0b91d5b5adaa70f684a02,without
574,0x1c83501478f1320977047008496dacbd60bb15ef,without
575,0x07a58629aaf3e1a0d07d8f43114b76bd5eee3b91,without
576,0x9e46a38f5daabe8683e10793b06749eef7d733d1,without
577,0xfd107b473ab90e8fbd89872144a3dc92c40fa8c9,with
578,0x076c97e1c869072ee22f8c91978c99b4bcb02591,without
579,Vcash,with
580,0xbbff862d906e348e9946bfb2132ecb157da3d4b4,without
581,0x0f4ca92660efad97a9a70cb0fe969c755439772c,with
582,0x4df812f6064def1e5e029f1ca858777cc98d2d81,with
583,PinkCoin,with
584,0x7728dfef5abd468669eb7f9b48a7f70a501ed29d,with
585,0x7d4b8cce0591c9044a22ee543533b72e976e36c3,with
586,0xea5f88e54d982cbb0c441cde4e79bc305e5b43bc,with
587,0x0d88ed6e74bbfd96b831231638b66c05571e824f,with
588,Gambit,with
589,0xac3211a5025414af2866ff09c23fc18bc97e79b1,with
590,0xb9e7f8568e08d5659f5d29c4997173d84cdf2607,without
591,APX,with
592,0x1d462414fe14cf489c7a21cac78509f4bf8cd7c0,without
593,Graft,with
594,BioCoin,without
595,0xb6ee9668771a79be7967ee29a63d4184f8097143,with
596,0xf04a8ac553fcedb5ba99a64799155826c136b0be,with
597,FoldingCoin,with
598,OKCash,with
599,0x74ceda77281b339142a36817fa5f9e29412bab85,without
600,0x1ccaa0f2a7210d76e1fdec740d5f323e2e1b1672,without
601,0x1a986f1659e11e2ae7cc6543f307bae5cde1c761,without
602,Golos,with
603,0xac3da587eac229c9896d919abc235ca4fd7f72c1,with
604,CHIPS,without
605,Zoin,with
606,Mintcoin,with
607,MktCoin,without
608,0x52fb36c83ad33c1824912fc81071ca5eeb8ab390,without
609,0x5e6016ae7d7c49d347dcf834860b9f3ee282812b,with
610,0x0af44e2784637218dd1d32a322d44e603a8f0c6a,with
611,0x8ae4bf2c33a8e667de34b54938b0ccd03eb8cc06,with
612,0x6aeb95f06cda84ca345c2de0f3b7f96923a44f4c,with
613,0xfd8971d5e8e1740ce2d0a84095fca4de729d0c16,with
614,0xe69a353b3152dd7b706ff7dd40fe1d18b7802d31,without
615,Pandacoin,with
616,Stipend,with
617,0x8810c63470d38639954c6b41aac545848c46484a,without
618,Espers,with
619,0x82b0e50478eeafde392d45d1259ed1071b6fda81,with
620,Sequence,without
621,0x90528aeb3a2b736b780fd1b6c478bb7e1d643170,without
622,StarChain,without
623,CFun,with
624,0x2baac9330cf9ac479d819195794d79ad0c7616e3,with
625,0xcc13fc627effd6e35d2d2706ea3c4d7396c610ea,without
626,HEAT,with
627,0xe34e1944e776f39b9252790a0527ebda647ae668,without
628,Dotcoin,with
629,0xc8c6a31a4a806d3710a7b38b7b296d2fabccdba8,with
630,0x37d40510a2f5bc98aa7a0f7bf4b3453bcfb90ac1,without
631,Yocoin,without
632,0x6888a16ea9792c15a4dcf2f6c623d055c8ede792,without
633,0xea610b1153477720748dc13ed378003941d84fab,with
634,0xbc86727e770de68b1060c91f6bb6945c73e10388,with
635,0x6781a0f84c7e9e846dcb84a9a5bd49333067b104,with
636,0x6925aa2b54a89c7e37f5c9a2275c5e90266e678b,without
637,0xcb94be6f13a1182e4a4b6140cb7bf2025d28e41b,with
638,0xcfb98637bcae43c13323eaa1731ced2b716962fd,with
639,0x5d51fcced3114a8bb5e90cdd0f9d682bcbcc5393,with
640,BitConnect,without
641,Sphere,without
642,0x4a527d8fc13c5203ab24ba0944f4cb14658d1db6,without
643,Curecoin,with
644,0x37e8789bb9996cac9156cd5f5fd32599e6b91289,with
645,0x8aa33a7899fcc8ea5fbe6a608a109c3893a1b8b2,without
646,0xd8912c10681d8b21fd3742244f44658dba12264e,without
647,0x29d75277ac7f0335b2165d0895e8725cbf658d73,with
648,0xf05a9382a4c3f29e2784502754293d88b835109c,with
649,0x954b5de09a55e59755acbda29e1eb74a45d30175,with
650,Spectrecoin,with
651,Bitcrystals,with
652,BreakoutStake,with
653,Dero,without
654,0x3adfc4999f77d04c8341bac5f3a76f58dff5b37a,with
655,AsiaCoin,without
656,BitcoinZ,with
657,0x5102791ca02fc3595398400bfe0e33d7b6c82267,with
658,ATBCoin,with
659,Energycoin,with
660,0x78b039921e84e726eb72e7b1212bb35504c645ca,with
661,0xd2d6158683aee4cc838067727209a0aaf4359de3,without
662,MaxCoin,with
663,0x4162178b78d6985480a308b2190ee5517460406d,without
664,0x7b22938ca841aa392c93dbb7f4c42178e3d65e88,with
665,0x2ef27bf41236bd859a95209e17a43fbd26851f92,without
666,0xa645264c5603e96c3b0b078cdab68733794b0a71,with
667,0x4ce6b362bc77a24966dda9078f9cef81b3b886a7,without
668,0x422866a8f0b032c5cf1dfbdef31a20f4509562b0,with
669,0x3136ef851592acf49ca4c825131e364170fa32b3,with
670,Auroracoin,with
671,0x43567eb78638a55bbe51e9f9fb5b2d7ad1f125aa,with
672,Circuits of Value,without
673,Primalbase Token,without
674,0xef8cf79c21637fc6f951bcac348915508a639a41,without
675,0x705ee96c1c160842c92c1aecfcffccc9c412e3d9,with
676,CloudMediaCoin,without
677,GoldCoin,with
678,0x4d8fc1453a0f359e99c9675954e656d80d996fbf,with
679,Solaris,with
680,0xb6ed7644c69416d67b522e20bc294a9a9b405b31,without
681,0xfdbc1adc26f0f8f8606a5d63b7d3a3cd21c22b23,with
682,0x0947b0e6d821378805c9598291385ce7c791a6b2,without
683,0x94298f1e0ab2dfad6eeffb1426846a3c29d98090,without
684,0xcdb7ecfd3403eef3882c65b761ef9b5054890a47,without
685,Waves Community Token,without
686,0x923108a439c4e8c2315c4f6521e5ce95b44e9b4c,with
687,0xa7f976c360ebbed4465c2855684d1aae5271efa9,with
688,FedoraCoin,without
689,APR Coin,without
690,0x539efe69bcdd21a83efd9122571a64cc25e0282b,with
691,0x9214ec02cb71cba0ada6896b8da260736a67ab10,without
692,Atmos,without
693,0xbdc5bac39dbe132b1e030e898ae3830017d7d969,with
694,Syndicate,with
695,0x23b75bc7aaf28e2d6628c3f424b3882f8f072a3c,with
696,OBITS,without
697,Neutron,with
698,Travelflex,with
699,ArtByte,with
700,ToaCoin,with
701,0xa5f8fc0921880cb7342368bd128eb8050442b1a1,with
702,Sumokoin,with
703,0x1b957dc4aefeed3b4a2351a6a6d5cbfbba0cecfa,with
704,0xa8006c4ca56f24d6836727d106349320db7fef82,with
705,Kore,with
706,TransferCoin,with
707,LuckChain,with
708,0x0d262e5dc4a06a0f1c90ce79c7a60c09dfc884e4,with
709,InternetofPeople,with
710,0x71d01db8d6a2fbea7f8d434599c237980c234e4c,with
711,0x9002d4485b7594e3e850f0a206713b305113f69e,with
712,2GIVE,with
713,0x001f0aa5da15585e5b2305dbab2bac425ea71007,with
714,0x72adadb447784dd7ab1f472467750fc485e4cb2d,without
715,Haven Protocol,without
716,B3Coin,with
717,0x4df47b4969b2911c966506e3592c41389493953b,without
718,GeoCoin,without
719,0xef2463099360a085f1f10b076ed72ef625497a06,with
720,PoSWCoin,with
721,0xc343f099d3e41aa5c1b59470450e21e92e2d840b,without
722,Pesetacoin,with
723,Ixcoin,without
724,0x52a7cb918c11a16958be40cba7e31e32a499a465,with
725,HyperStake,with
726,0xc72fe8e3dd5bef0f9f31f259399f301272ef2a2d,with
727,0xe477292f1b3268687a29376116b0ed27a9c76170,with
728,0x78b7fada55a64dd895d8c8c35779dd8b67fa8a05,with
729,0x5c743a35e903f6c584514ec617acee0611cf44f3,with
730,0xc12d099be31567add4e4e4d0d45691c3f58f5663,with
731,0x8542325b72c6d9fc0ad2ca965a78435413a915a0,without
732,0xac838aee2f650a6b970ecea56d4651653c1f84a1,without
733,NuBits,with
734,0x5b26c5d0772e5bbac8b3182ae9a13f9bb2d03765,without
735,MonkeyProject,with
736,UniversalCurrency,without
737,0x85089389c14bd9c77fc2b8f0c3d1dc3363bf06ef,without
738,0x881ef48211982d01e2cb7092c915e647cd40d85c,with
739,SpreadCoin,with
740,0x5adc961d6ac3f7062d2ea45fefb8d8167d44b190,with
741,BuzzCoin,without
742,Starta,with
743,Karbo,with
744,0x0ebb614204e47c09b6c3feb9aaecad8ee060e23e,with
745,0x2fa32a39fc1c399e0cc7b2935868f5165de7ce97,with
746,Tokes,with
747,SocialSend,without
748,0x7b171c08d812f9c642dcf61f7e080610cbca64b3,without
749,Rupaya,without
750,BitcoinPlus,without
751,Global Cryptocurrency,without
752,EuropeCoin,with
753,Bitmark,without
754,0xb3bd49e28f8f832b8d1e246106991e546c323502,with
755,0x687174f8c49ceb7729d925c3a961507ea4ac7b28,with
756,Qwark,without
757,0x2f8472dd7ecf7ca760c8f6b45db20ca7cf52f8d7,without
758,Kzcash,with
759,0xf70a642bd387f94380ffb90451c2c81d4eb82cbc,with
760,VeriumReserve,with
761,Zeitcoin,with
762,0xea097a2b1db00627b2fa17460ad260c016016977,with
763,0x84119cb33e8f590d75c2d6ea4e6b0741a7494eda,with
764,0xba2184520a1cc49a6159c57e61e1844e085615b6,with
765,VPNCoin,without
766,I0Coin,with
767,0x2c82c73d5b34aa015989462b2948cd616a37641f,without
768,Capricoin,without
769,0xca0e7269600d353f70b14ad118a49575455c0f2f,without
770,0xe1358ae1a9130bc458c8021fcbb7ef8aedd51487,without
771,Masari,without
772,HiCoin,without
773,Anoncoin,with
774,E-coin,without
775,Denarius,with
776,DopeCoin,with
777,0xece83617db208ad255ad4f45daf81e25137535bb,without
778,0xf8e386eda857484f5a12e4b5daa9984e06e73705,with
779,CryptoPing,without
780,0xdae1baf249964bc4b6ac98c3122f0e3e785fd279,without
781,Monoeci,with
782,0x24ddff6d8b8a42d835af3b440de91f3386554aa4,with
783,Pure,with
784,0x621d78f2ef2fd937bfca696cabaf9a779f59b3ed,with
785,ExclusiveCoin,without
786,0xd559f20296ff4895da39b5bd9add54b442596a61,without
787,Riecoin,with
788,Quark,with
789,0x56ba2ee7890461f463f7be02aac3099f6d5811a8,without
790,0x84f7c44b6fed1080f647e354d552595be2cc602f,without
791,0x55648de19836338549130b1af587f16bea46f66b,with
792,0x83eea00d838f92dec4d1475697b9f4d3537b56e3,with
793,0x5c543e7ae0a1104f78406c340e9c64fd9fce5170,with
794,Altcoin,with
795,0xcc34366e3842ca1bd36c1f324d15257960fcc801,with
796,Bitcloud,with
797,0x1b22c32cd936cb97c28c5690a0695a82abf688e6,with
798,LeafCoin,without
799,0xf6cfe53d6febaeea051f400ff5fc14f0cbbdaca1,with
800,Rupee,with
801,Crave,with
802,Memetic/PepeCoin,without
803,Hush,with
804,Breakout,without
805,0x8f0921f30555624143d427b340b1156914882c10,with
806,0xb17df9a3b09583a9bdcf757d6367171476d4d8a3,without
807,eBoost,with
808,FootyCash,without
809,0x9720b467a710382a232a32f540bdced7d662a10b,with
810,InterstellarHoldings,with
811,Blockpool,with
812,Carboncoin,with
813,0x7d3e7d41da367b4fdce7cbe06502b13294deb758,without
814,0xb6ffdf7bd7462705704d3a9c4a038e80c41f1aed,without
815,UniformFiscalObject,without
816,Bullion,with
817,CannabisCoin,with
818,0x6dd4e4aad29a40edd6a409b9c1625186c9855b4d,without
819,YbCoin,without
820,Elite,without
821,0x13c2fab6354d3790d8ece4f0f1a3280b4a25ad96,without
822,0x4355fc160f74328f9b383df2ec589bb3dfd82ba0,with
823,0x588047365df5ba589f923604aac23d673555c623,without
824,vTorrent,with
825,EncryptoTel [WAVES],without
826,Zephyr,without
827,CampusCoin,with
828,Sexcoin,with
829,0x1b9743f556d65e757c4c650b4555baf354cb8bd3,with
830,Terracoin,with
831,0x519475b31653e46d20cd09f9fdcf3b12bdacb4f5,with
832,BlueCoin,with
833,Galactrum,with
834,0x89303500a7abfb178b274fd89f2469c264951e1f,with
835,0x8effd494eb698cc399af6231fccd39e08fd20b15,with
836,0x5b0751713b2527d7f002c0c4e2a37e1219610a6b,with
837,0x9b70740e708a083c6ff38df52297020f5dfaa5ee,without
838,TheGCCcoin,without
839,0x3a92bd396aef82af98ebc0aa9030d25a23b11c6b,with
840,0xf44745fbd41f6a1ba151df190db0564c5fcc4410,with
841,YashCoin,without
842,Nullex,without
843,LiteDoge,with
844,0x9a005c9a89bd72a4bd27721e7a09a3c11d2b03c4,without
845,0x1063ce524265d5a3a624f4914acd573dd89ce988,with
846,0x999967e2ec8a74b7c8e9db19e039d920b31d39d0,with
847,EverGreenCoin,with
848,0x1460a58096d80a50a2f1f956dda497611fa4f165,without
849,0xe81d72d14b1516e68ac3190a46c93302cc8ed60f,with
850,GPUCoin,without
851,XGOX,with
852,0xb62d18dea74045e822352ce4b3ee77319dc5ff2f,with
853,GCNCoin,with
854,Magnet,with
855,TeslaCoin,with
856,0x139d9397274bb9e2c29a9aa8aa0b5874d30d62e3,without
857,RussiaCoin,with
858,0x7703c35cffdc5cda8d27aa3df2f9ba6964544b6e,with
859,BunnyCoin,with
860,0xd341d1680eeee3255b8c4c75bcce7eb57f144dae,with
861,DigitalPrice,with
862,Fantomcoin,with
863,0x6710c63432a2de02954fc0f851db07146a6c0312,with
864,AudioCoin,with
865,OPCoin,with
866,Vsync,with
867,DFSCoin,with
868,0x5554e04e76533e1d14c52f05beef6c9d329e1e30,with
869,WeAreSatoshi,without
870,0xab95e915c123fded5bdfb6325e35ef5515f1ea69,with
871,FORCE,without
872,808Coin,with
873,MagicCoin,without
874,0x9c23d67aea7b95d80942e3836bcdf7e708a747c2,with
875,0xc3972ac283b3a7a56125674631a5c254f7f373cf,without
876,Creativecoin,with
877,Ergo,without
878,ChainCoin,with
879,Ignition,without
880,Dix Asset,without
881,0xcb5a05bef3257613e984c17dbcf039952b6d883f,with
882,Bitswift,without
883,Digitalcoin,without
884,e-Gulden,without
885,0x06147110022b768ba8f99a8f385df11a151a9cc8,with
886,0x78a73b6cbc5d183ce56e786f6e905cadec63547b,without
887,HunterCoin,without
888,0x1c79ab32c66acaa1e9e81952b8aaa581b43e54e7,without
889,Darcrus,without
890,0x96a65609a7b84e8842732deb08f56c3e21ac6f8a,without
891,BitWhite,without
892,Stellite,without
893,STRAKS,with
894,Black Hole Coin,without
895,0x28dee01d53fed0edf5f6e310bf8ef9311513ae40,with
896,DABT,without
897,Kobocoin,with
898,42-coin,with
899,Condensate,with
900,Monster Byte,without
901,0x865e3707a580f9db89304005cddd050ade8873eb,with
902,GoldMint,with
903,Magi,with
904,TrezarCoin,without
905,TrustPlus,without
906,0x30cecb5461a449a90081f5a5f55db4e048397bab,with
907,0x12759512d326303b45f1cec8f7b6fd96f387778e,without
908,0xee8bd1502c3e9f6c543781467c01592ac51cfbb8,without
909,NobleCoin,with
910,Zero,with
911,0x2bdc0d42996017fce214b21607a515da41a9e0c5,with
912,IntenseCoin,with
913,Version,without
914,0xeb7c20027172e5d143fb030d50f91cece2d1485d,with
915,ProjectDecorum,without
916,0x24a77c1f17c547105e14813e517be06b0040aa76,without
917,0xe2d82dc7da0e6f882e96846451f4fabcc8f90528,without
918,0x65be44c747988fbf606207698c944df4442efe19,without
919,0x8b1f49491477e0fb46a29fef53f1ea320d13c349,without
920,Obsidian,with
921,0xaef38fbfbf932d1aef3b808bc8fbd8cd8e1f8bc5,without
922,BiblePay,with
923,HitCoin,without
924,Bytecent,without
925,0x63e634330a20150dbb61b15648bc73855d6ccf07,without
926,Jiyo,without
927,Photon,with
928,0x03c780cd554598592b97b7256ddaad759945b125,without
929,Adzcoin,with
930,Abjcoin,with
931,GanjaCoin,without
932,Miners' Reward Token,without
933,0xf41e5fbc2f6aac200dd8619e121ce1f05d150077,with
934,IncaKoin,without
935,Sovereign Hero,without
936,0x672a1ad4f667fb18a333af13667aa0af1f5b5bdd,with
937,PlatinumBAR,with
938,Argentum,with
939,CanadaeCoin,with
940,Vulcano,without
941,0xb802b24e0637c2b87d2e8b7784c055bbe921011a,with
942,FirstCoin,without
943,0x27f610bf36eca0939093343ac28b1534a721dbb4,with
944,0x0b1724cc9fda0186911ef6a75949e9c0d3f0f2f3,with
945,Ellaism,without
946,0x6fff3806bbac52a20e0d79bc538d527f6a22c96b,with
947,The Cypherfunks,without
948,Shorty,without
949,0xe8a1df958be379045e2b46a31a98b93a2ecdfded,with
950,Shekel,with
951,0xafc39788c51f0c1ff7b55317f3e70299e521fff6,without
952,BiYuanCoin,without
953,VIVO,with
954,PutinCoin,without
955,0xb66a2478db78ba8704e6344dbbe5c21b700ea678,with
956,0xa54ddc7b3cce7fc8b1e3fa0256d0db80d2c10970,with
957,0xb2135ab9695a7678dd590b1a996cb0f37bcb0718,without
958,Tidex Token,without
959,0x39013f961c378f02c2b82a6e1d31e9812786fd9d,with
960,0xc20464e0c373486d2b3335576e83a218b1618a5e,without
961,Bowhead,without
962,Unitus,without
963,0x50ee674689d75c0f88e8f83cfe8c4b69e8fd590d,with
964,Masternodecoin,with
965,ColossuscoinV2,without
966,0x0abefb7611cb3a01ea3fad85f33c3c934f8e2cf4,with
967,Universe,without
968,KekCoin,with
969,Orbitcoin,without
970,Coffee gold chain,without
971,Innova,with
972,UnbreakableCoin,with
973,WorldCoin,with
974,Megacoin,with
975,United Crypto Community,without
976,Blitzcash,without
977,PopularCoin,without
978,0xe814aee960a85208c3db542c53e7d4a6c8d5f60f,with
979,0x737f98ac8ca59f2c68ad658e3c3d8c8963e40a4c,without
980,0x0371a82e4a9d0a4312f3ee2ac9c6958512891372,with
981,0xe30e02f049957e2a5907589e06ba646fb2c321ba,without
982,DraftCoin,without
983,Linx,with
984,Renos,with
985,NuShares,without
986,0x3abdff32f76b42e7635bdb7e425f0231a5f3ab17,without
987,Machinecoin,with
988,NCShares,without
989,0x900b4449236a7bb26b286601dd14d2bde7a6ac6c,without
990,0x2ae965cd3d2b6d186e87d9586fc3bdbfc667cacc,with
991,Bitdeal,with
992,0xec46f8207d766012454c408de210bcbc2243e71c,with
993,EquiTrader,with
994,Zetacoin,with
995,0xb0280743b44bf7db4b6be482b2ba7b75e5da096c,without
996,0x2daee1aa61d60a252dc80564499a69802853583a,with
997,0x386467f1f3ddbe832448650418311a479eecfc57,with
998,SagaCoin,with
999,MarteXcoin,with
1000,0xf3d29fb98d2dc5e78c87198deef99377345fd6f1,without
1001,Onix,with
1002,0x6295ab2be04a617747481b292c390bfca592cf28,without
1003,SmileyCoin,with
1004,0xd2fa8f92ea72abb35dbd6deca57173d22db2ba49,without
1005,0x88fcfbc22c6d3dbaa25af478c578978339bde77a,with
1006,ZcCoin,without
1007,0xeee2d00eb7deb8dd6924187f5aa3496b7d06e62a,with
1008,DeutscheeMark,with
1009,GAIA,without
1010,0x46492473755e8df960f8034877f61732d718ce96,without
1011,Elcoin,without
1012,Bitzeny,with
1013,FuelCoin,without
1014,Cryptonite,with
1015,Numus,with
1016,Bitradio,with
1017,InPay,without
1018,OIOCoin,without
1019,Kolion,without
1020,UniCoin,without
1021,FlappyCoin,without
1022,0x17fd666fa0784885fa1afec8ac624d9b7e72b752,with
1023,Valorbit,without
1024,Unify,with
1025,MAZA,with
1026,InflationCoin,with
1027,Dinastycoin,without
1028,0xcced5b8288086be8c38e23567e684c3740be4d48,with
1029,0xe120c1ecbfdfea7f0a8f0ee30063491e8c26fedf,with
1030,Zilbercoin,with
1031,YUANCOIN,without
1032,MetalCoin,without
1033,Trollcoin,with
1034,Bata,with
1035,ArcticCoin,without
1036,Woodcoin,with
1037,NetCoin,without
1038,FujiCoin,with
1039,0x1183f92a5624d68e85ffb9170f16bf0443b4c242,with
1040,Fantasy Cash,without
1041,0x0aef06dcccc531e581f0440059e6ffcc206039ee,with
1042,Happycoin,with
1043,FIMKrypto,without
1044,QubitCoin,with
1045,CrowdCoin,without
1046,Plancoin,without
1047,Moin,without
1048,FlutterCoin,with
1049,InsaneCoin,with
1050,0x47dd62d4d075dead71d0e00299fc56a2d747bebb,without
1051,BritCoin,with
1052,0xd3c00772b24d997a812249ca637a921e81357701,without
1053,0x48df4e0296f908ceab0428a5182d19b31fc037d6,without
1054,bitSilver,without
1055,Cashcoin,with
1056,PetroDollar,without
1057,0x9fe173573b3f3cf4aebce5fd5bef957b9a6686e8,without
1058,ShadowCash,with
1059,Cream,with
1060,DeusCoin,without
1061,Oceanlab,without
1062,Fastcoin,with
1063,0xe64509f0bf07ce2d29a7ef19a8a9bc065477c1b4,without
1064,BTCtalkcoin,without
1065,0x44197a4c44d6a059297caf6be4f7e172bd56caaf,with
1066,0x5c6183d10a00cd747a6dbb5f658ad514383e9419,without
1067,SwagBucks,without
1068,0x8727c112c712c4a03371ac87a74dd6ab104af768,with
1069,HoboNickels,with
1070,LanaCoin,without
1071,VoteCoin,with
1072,0x93e682107d1e9defb0b5ee701c71707a4b2e46bc,without
1073,0xb444208cb0516c150178fcf9a52604bc04a1acea,without
1074,Phoenixcoin,with
1075,BitBar,with
1076,iTicoin,without
1077,Truckcoin,with
1078,BigUp,with
1079,TittieCoin,with
1080,Feitebi,without
1081,Tattoocoin (Standard Edition),without
1082,Netko,with
1083,Synergy,with
1084,AquariusCoin,with
1085,Zennies,without
1086,GrowersInternational,without
1087,Triangles,with
1088,0x92e78dae1315067a8819efd6dca432de9dcde2e9,without
1089,0x1245ef80f4d9e02ed9425375e8f649b9221b31d8,with
1090,Startcoin,with
1091,BitcoinScrypt,without
1092,WayGuide,without
1093,Halcyon,with
1094,MaoZedong,without
1095,Skeincoin,with
1096,0x5d21ef5f25a985380b65c8e943a0082feda0db84,with
1097,Guncoin,with
1098,Piggycoin,with
1099,Centurion,without
1100,Aricoin,with
1101,DigitalMoneyBits,without
1102,Dashcoin,with
1103,TagCoin,with
1104,bitBTC,without
1105,AdCoin,with
1106,BitTokens,with
1107,Bit20,without
1108,Bitsum,without
1109,TrumpCoin,with
1110,Aerium,with
1111,PureVidz,with
1112,0xe4c94d45f7aef7018a5d66f44af780ec6023378e,with
1113,Cypher,with
1114,Nyancoin,with
1115,Bitstar,without
1116,0x859a9c0b44cb7066d956a958b0b82e54c9e44b4b,with
1117,GoldReserve,without
1118,BriaCoin,without
1119,0x1a95b271b0535d15fa49932daba31ba612b52946,with
1120,ProCurrency,without
1121,0x49aec0752e68d0282db544c677f6ba407ba17ed7,with
1122,Joulecoin,with
1123,Opal,with
1124,CryptoForecast,without
1125,bitGold,without
1126,0x899338b84d25ac505a332adce7402d697d947494,without
1127,Elementrem,with
1128,WhaleCoin,with
1129,SACoin,without
1130,Leviar,with
1131,Rimbit,with
1132,OctoCoin,with
1133,Manna,without
1134,Qbic,without
1135,SproutsExtreme,without
1136,HOdlcoin,with
1137,Bitgem,without
1138,TEKcoin,with
1139,0x02725836ebf3ecdb1cdf1c7b02fcbbfaa2736af8,with
1140,0x662abcad0b7f345ab7ffb1b1fbb9df7894f18e66,with
1141,ICO OpenLedger,without
1142,0x814964b1bceaf24e26296d031eadf134a2ca4105,with
1143,0xe2e6d4be086c6938b53b22144855eef674281639,without
1144,Motocoin,without
1145,PayCoin,without
1146,Blakecoin,without
1147,BlazeCoin,without
1148,DaxxCoin,with
1149,CannaCoin,with
1150,EvilCoin,with
1151,0x336f646f87d9f6bc6ed42dd46e8b3fd9dbd15c22,with
1152,Flycoin,with
1153,ChessCoin,with
1154,0x6aac8cb9861e42bf8259f5abdc6ae3ae89909e11,without
1155,IrishCoin,with
1156,0x05c7065d644096a4e4c3fe24af86e36de021074b,with
1157,Impact,with
1158,LitecoinPlus,with
1159,GlobalBoost-Y,with
1160,KushCoin,with
1161,SuperCoin,without
1162,0x73b534fb6f07381a29a60b01eed5ae57d4ee24d7,with
1163,Cryptojacks,with
1164,0xd5527579226e4ebc8864906e49d05d4458ccf47f,without
1165,SmartCoin,with
1166,Regalcoin,with
1167,Mineum,with
1168,PostCoin,with
1169,0x28c8d01ff633ea9cd8fc6a451d7457889e698de6,with
1170,Pakcoin,with
1171,PhilosopherStones,without
1172,AtomicCoin,with
1173,UltraCoin,with
1174,Tigercoin,with
1175,Marscoin,with
1176,Elacoin,with
1177,Bitcurrency,without
1178,Prototanium,without
1179,Octanox,with
1180,Gapcoin,with
1181,TOKYO,with
1182,LiteBar,with
1183,Bitz,without
1184,UltimateSecureCash,with
1185,MojoCoin,without
1186,0x13f1b7fdfbe1fc66676d56483e21b1ecb40b58e2,without
1187,WavesGo,without
1188,Ratecoin,without
1189,ReeCoin,with
1190,GoldBlocks,without
1191,AdvancedInternetBlocks,without
1192,Kurrent,with
1193,0xb45a50545beeab73f38f31e5973768c421805e5e,without
1194,ZoZoCoin,without
1195,SpaceCoin,with
1196,Kayicoin,without
1197,ParallelCoin,with
1198,Rubies,without
1199,AmberCoin,without
1200,CryptoEscudo,without
1201,Golfcoin,without
1202,Solarflarecoin,without
1203,Sterlingcoin,with
1204,Joincoin,without
1205,0x7d5edcd23daa3fb94317d32ae253ee1af08ba14d,without
1206,RevolverCoin,with
1207,iCoin,without
1208,DigiCube,without
1209,Virtacoinplus,with
1210,Yacoin,without
1211,0x26d5bd2dfeda983ecd6c39899e69dae6431dffbb,with
1212,Titcoin,with
1213,C-Bit,with
1214,Evotion,without
1215,JinCoin,without
1216,NevaCoin,without
1217,LeaCoin,with
1218,Helleniccoin,with
1219,SafeTradeCoin,without
1220,0xaec98a708810414878c3bcdf46aad31ded4a4557,with
1221,Datacoin,with
1222,bitEUR,without
1223,Freicoin,without
1224,SecureCoin,with
1225,BERNcash,with
1226,PascalLite,with
1227,8Bit,with
1228,Influxcoin,without
1229,DROXNE,with
1230,GlobalCoin,without
1231,Firecoin,without
1232,EmeraldCrypto,with
1233,AmmoReloaded,without
1234,SatoshiMadness,without
1235,0x0835ecd15ddf08d4786304d71b4672dc5c40f011,without
1236,Bolivarcoin,with
1237,Escroco,without
1238,0x14839bf22810f09fb163af69bd21bd5476f445cd,without
1239,CoinonatX,with
1240,Darsek,with
1241,Coin(O),without
1242,Granite,without
1243,SteneumCoin,with
1244,GameUnits,without
1245,VirtualCoin,without
1246,BoostCoin,with
1247,IslaCoin,with
1248,Sativacoin,without
1249,Garlicoin,with
1250,HarvestMasternodeCoin,without
1251,BumbaCoin,without
1252,Swing,without
1253,Coin2.1,without
1254,BitcoinFast,with
1255,OctoinCoin,without
1256,Franko,without
1257,ParkByte,without
1258,Sojourn,without
1259,Enigma,with
1260,QuazarCoin,without
1261,RonPaulCoin,without
1262,Mincoin,with
1263,Eternity,with
1264,X-Coin,with
1265,StarCashNetwork,without
1266,Nekonium,without
1267,Scorecoin,with
1268,0xcc4ef9eeaf656ac1a2ab886743e98e97e090ed38,with
1269,ChanCoin,with
1270,HempCoin-HMP,with
1271,Tokugawa,with
1272,Polcoin,with
1273,Xios,without
1274,Catcoin,without
1275,PX,without
1276,Quatloo,with
1277,FinCoin,without
1278,AgrolifeCoin,without
1279,BillaryCoin,with
1280,TheresaMayCoin,with
1281,SixEleven,without
1282,VapersCoin,without
1283,Signatum,without
1284,0x994f0dffdbae0bbf09b652d6f11a493fd33f42b9,without
1285,Eryllium,with
1286,RedCoin,without
1287,0x679badc551626e01b23ceecefbc9b877ea18fc46,with
1288,Prime-XI,with
1289,EOTToken,without
1290,AntiBitcoin,without
1291,SecretCoin,without
1292,GlobalToken,with
1293,0xbdcfbf5c4d91abc0bc9709c7286d00063c0e6f22,with
1294,SOILcoin,without
1295,TajCoin,with
1296,MustangCoin,with
1297,Phantomx,with
1298,YENTEN,without
1299,Acoin,with
1300,Crypto,with
1301,0x5a84969bb663fb64f6d015dcf9f622aedc796750,with
1302,Virtacoin,with
1303,0x8a99ed8a1b204903ee46e733f2c1286f6d20b177,with
1304,EcoCoin,without
1305,Quebecoin,without
1306,Zurcoin,with
1307,AmsterdamCoin,with
1308,Grimcoin,without
1309,Neuro,with
1310,0x2233799ee2683d75dfefacbcd2a26c78d34b470d,with
1311,Spots,with
1312,Desire,with
1313,SpeedCash,without
1314,HighVoltage,without
1315,Bitcoin21,without
1316,0xdbfb423e9bbf16294388e07696a5120e4ceba0c5,without
1317,0x07d9e49ea402194bf48a8276dafb16e4ed633317,with
1318,GlobalTourCoin,without
1319,WARP,without
1320,MACRON,with
1321,BOAT,with
1322,Debitcoin,with
1323,Eurocoin,with
1324,Beatcoin,without
1325,LiteBitcoin,with
1326,Pulse,without
1327,Madcoin,without
1328,PayCon,without
1329,Visio,without
1330,DigitalRupees,without
1331,Bankcoin,without
1332,BitcoinPlanet,with
1333,HomeBlockCoin,with
1334,SoonCoin,with
1335,Money,without
1336,0x9e77d5a1251b6f7d456722a6eac6d2d5980bd891,without
1337,Dollarcoin,without
1338,Allion,without
1339,GoldPieces,without
1340,Bitcedi,with
1341,Chronos,without
1342,Shilling,without
1343,AllSafe,without
1344,Blackstar,without
1345,BitQuark,with
1346,0x27f706edde3ad952ef647dd67e24e38cd0803dd6,with
1347,CacheCoin,with
1348,BenjiRolls,with
1349,MetalMusicCoin,without
1350,VIPTokens,without
1351,Uro,without
1352,Elysium,without
1353,BipCoin,with
1354,FuzzBalls,with
1355,Marijuanacoin,with
1356,ICOBID,without
1357,CompuCoin,with
1358,VirtaUniqueCoin,with
1359,Comet,without
1360,Printerium,without
1361,MasterSwiscoin,without
1362,SongCoin,with
1363,MindCoin,without
1364,0x33f90dee07c6e8b9682dd20f73e6c358b2ed0f03,with
1365,0x2a05d22db079bc40c2f77a1d1ff703a56e631cc1,with
1366,BitCoal,with
1367,UselessEthereumToken,without
1368,0xee609fe292128cad03b786dbb9bc2634ccdbe7fc,without
1369,Unrealcoin,without
1370,SONO,with
1371,GoldPressedLatinum,with
1372,Flaxscript,without
1373,EGO,without
1374,PioneerCoin,with
1375,JobsCoin,without
1376,Honey,without
1377,BnrtxCoin,without
1378,DAPPSTER,without
1379,ZetaMicron,without
1380,GuccioneCoin,without
1381,Coinonat,with
1382,RideMyCar,with
1383,Copico,with
1384,Slevin,without
1385,G3N,without
1386,Orlycoin,without
1387,0xca29db4221c111888a7e80b12eac8a266da3ee0d,with
1388,0x5046e860ff274fb8c66106b0ffb8155849fb0787,without
1389,FUNCoin,without
1390,Jewels,without
1391,Roofs,without
1392,Braincoin,without
1393,0x0766e79a6fd74469733e8330b3b461c0320ff059,without
1394,CRTCoin,without
1395,Kronecoin,with
1396,Californium,with
1397,Veltor,without
1398,Shadow Token,without
1399,HealthyWormCoin,with
1400,0x7dc4f41294697a7903c4027f6ac528c5d14cd7eb,without
1401,BiosCrypto,without
1402,Iconic,without
1403,Dreamcoin,with
1404,Asiadigicoin,without
1405,Cabbage,without
1406,TAGRcoin,without
1407,Creatio,without
1408,GeertCoin,without
1409,Zonecoin,without
1410,GeyserCoin,without
1411,CryptoWorldXToken,without
1412,OsmiumCoin,without
1413,IndependentMoneySystem,with
1414,Torcoin,without
1415,PonziCoin,without
1416,ARbit,without
1417,Litecred,with
1418,SydPak,without
1419,KingNCoin,without
1420,Xonecoin,without
1421,LiteCoinUltra,with
1422,ImpulseCoin,without
1423,Steps,without
1424,MiloCoin,without
1425,Zayedcoin,without
1426,VectorAI,without
1427,Cannation,without
1428,LunaCoin,without
1429,Destiny,without
1430,PlayerCoin,without
1431,GlassCoin,without
1432,CredenceCoin,with
1433,Antilitecoin,without
1434,PIECoin,without
1435,LetItRide,without
1436,PLNcoin,without
1437,PosEx,without
1438,DAS,without
1439,AnarchistsPrime,with
1440,Coupecoin,without
1441,0x6ccb56947ea1d6efdc81acfbacd8263ddfa9b202,with
1442,RSGPcoin,without
1443,Bitvolt,with
1444,PRCoin,without
1445,CthulhuOfferings,without
1446,Argus,without
1447,WildBeastBlock,without
1448,DollarOnline,without
1449,P7Coin,without
1450,iBank,without
1451,Selfiecoin,without
1452,Rawcoin,without
1453,WomenCoin,without
1454,Litkoin,without
1455,SaveandGain,without
1456,BowsCoin,without
1457,SocialCoin,with
1458,ArtexCoin,without
1459,Interzone,with
1460,BioBar,without
1461,NodeCoin,without
1462,Coimatic2.0,without
1463,0x0743392132d1a03a902c477e5a176f256ba3220c,without
1464,Tychocoin,without
1465,CrevaCoin,without
1466,Concoin,without
1467,VaultCoin,without
1468,Project-X,without
1469,Magnum,without
1470,GBCGoldCoin,without
1471,DigitalCredits,without
1472,Ulatech,without
1473,HarmonyCoin,without
1474,Abncoin,without
1475,LevoPlus,without
1476,DIBCOIN,without
1477,CCMiner,without
